"Status","Start Time","Stop Time","Duration in ms","Parent Suite","Suite","Sub Suite","Test Class","Test Method","Name","Description"
"passed","Thu Dec 26 04:37:13 EST 2024","Thu Dec 26 04:37:13 EST 2024","1","case","testString","TestString","","","testStringGet",""
"passed","Thu Dec 26 04:37:13 EST 2024","Thu Dec 26 04:37:13 EST 2024","1","case","testString","TestString","","","testStringDelet",""
"passed","Thu Dec 26 04:37:13 EST 2024","Thu Dec 26 04:37:13 EST 2024","6","case","testHash","TestHash","","","testHashAdd",""
"passed","Thu Dec 26 04:37:13 EST 2024","Thu Dec 26 04:37:13 EST 2024","2","case","testSet","TestSet","","","testSetGet",""
"passed","Thu Dec 26 04:37:13 EST 2024","Thu Dec 26 04:37:13 EST 2024","3","case","testString","TestString","","","testStringAdd",""
"passed","Thu Dec 26 04:37:13 EST 2024","Thu Dec 26 04:37:13 EST 2024","1","case","testHash","TestHash","","","testHashGet",""
"passed","Thu Dec 26 04:37:13 EST 2024","Thu Dec 26 04:37:13 EST 2024","0","case","testSet","TestSet","","","testSetDelet",""
"passed","Thu Dec 26 04:37:13 EST 2024","Thu Dec 26 04:37:13 EST 2024","0","case","testList","TestList","","","testListDelet",""
"passed","Thu Dec 26 04:37:13 EST 2024","Thu Dec 26 04:37:13 EST 2024","3","case","testSet","TestSet","","","testSetAdd",""
"passed","Thu Dec 26 04:37:13 EST 2024","Thu Dec 26 04:37:13 EST 2024","2","case","testHash","TestHash","","","testHashDelet",""
"passed","Thu Dec 26 04:37:13 EST 2024","Thu Dec 26 04:37:13 EST 2024","4","case","testList","TestList","","","testListAdd",""
"passed","Thu Dec 26 04:37:13 EST 2024","Thu Dec 26 04:37:13 EST 2024","0","case","testList","TestList","","","testListGet",""
